location_id,phone_number,phone_extension,phone_hours,type,department
"Lf8PJ9dQhHUmHNtNba8LxRfXo","650 780-7525","","","type",""
"Lf8PJ9dQhHUmHNtNba8LxRfXo","650 701-0856","","","type",""
"35aZ4TRqh3GHIpgHI59wqbsfc","650 403-4300"," Ext. 4385","","type",""
"35aZ4TRqh3GHIpgHI59wqbsfc","650 403-4302","","","type",""
"BLzYdkzds1v7cQU69tZrtKfy4","650 403-4300","","","type",""
"BLzYdkzds1v7cQU69tZrtKfy4","650 403-4303","","","type",""
"FjGHwR93Db14eU8z8trvGEoeo","650 403-4300","4500","","type",""
"FjGHwR93Db14eU8z8trvGEoeo","650 403-4303","","","type",""
"P3ZefNwqhjKGW9zYyVsd4wSdv","650 403-4300","4100","","type",""
"P3ZefNwqhjKGW9zYyVsd4wSdv","650 403-4303","","","type",""
"AQquzksfvVOzZzQPyyk4tzCMW","650 326-2025","","","type",""
"AQquzksfvVOzZzQPyyk4tzCMW","650 326-9547","","","type",""
"4ogorcxOlqnY5FTTbejAEohmZ","650 322-0126","","","type",""
"4ogorcxOlqnY5FTTbejAEohmZ","650 322-4067","","","type",""
"F8XEOnScPvoOw28tlkIksQRWk","650 323-2022","","","type",""
"F8XEOnScPvoOw28tlkIksQRWk","650 326-9547","","","type",""
"bXvSRTVqYpubpsqF5grU1MEbW","650 780-7261","","","type",""
"bXvSRTVqYpubpsqF5grU1MEbW","650 569-3371","","","type",""
"nDAlsrawVULWR1vhkKIkwZijs","650 780-7018","","","type",""
"nDAlsrawVULWR1vhkKIkwZijs","650 780-7069","","","type",""
"r0pfe5vyth869bFxcqz1CIB7w","650 780-7010","","","type",""
"r0pfe5vyth869bFxcqz1CIB7w","650 365-3738","","","type",""
"EKOCa7a6wpcozEcfygw7mclbK","650 780-7077","","","type",""
"EKOCa7a6wpcozEcfygw7mclbK","650 780-7004","","","type",""
"tp7NdNScEYQd0Hex5jT61IRxA","650 780-5740","","","type",""
"lIozhzFDigikZGAJ11zLX9PNC","650 368-4643","","","type",""
"lIozhzFDigikZGAJ11zLX9PNC","650 364-1712","","","type",""
"Kr7pM0aUYZphdACgE9DGgLqIi","415 643-8000","","","type",""
"Kr7pM0aUYZphdACgE9DGgLqIi","415 285-1391","","","type",""
"mOHscXCyAcj4s8MVyaOyP9H6p","408 720-0420","","","type",""
"mOHscXCyAcj4s8MVyaOyP9H6p","408 720-8075","","","type",""
"55FIeVtGwfylxpQ1MLmpvGVqE","650 266-4591","","","type",""
"55FIeVtGwfylxpQ1MLmpvGVqE","650 266-2594","","","type",""
"55FIeVtGwfylxpQ1MLmpvGVqE","650 266-4594","","","type",""
"OkD9SQLaGfPdTErYXhvCfN1Yx","650 839-1447","","","type",""
"OkD9SQLaGfPdTErYXhvCfN1Yx","650 839-1457","","","type",""
"xxCxI4War0gabyCKqEi0qD4vg","650 578-0400","","","type",""
"xxCxI4War0gabyCKqEi0qD4vg","650 578-0440","","","type",""
"uOw0Jt3hPpggnSaFkHR9KhNS6","7035551212","x1223","","type",""
"uOw0Jt3hPpggnSaFkHR9KhNS6","2025551212","","","type",""
